workload,frame,total_seconds,conversion_seconds,upload_seconds,allocations,vertex_bytes,index_bytes,retained_bytes
empty,0,0.000055000,0.000004700,0.000007000,0,160,120,8192
empty,1,0.000163100,0.000004900,0.000018900,0,160,120,8192
empty,2,0.000256100,0.000014300,0.000090400,0,160,120,8192
empty,3,0.000091200,0.000003900,0.000013500,0,160,120,8192
empty,4,0.000091300,0.000004300,0.000013500,0,160,120,8192
empty,5,0.000081200,0.000003800,0.000011300,0,160,120,8192
empty,6,0.000064000,0.000002600,0.000008900,0,160,120,8192
empty,7,0.000060600,0.000002300,0.000006900,0,160,120,8192
empty,8,0.000060300,0.000002800,0.000008000,0,160,120,8192
empty,9,0.000412900,0.000002800,0.000034300,0,160,120,8192
empty,10,0.000058400,0.000002800,0.000008700,0,160,120,8192
empty,11,0.000065800,0.000003000,0.000008900,0,160,120,8192
empty,12,0.000089500,0.000003600,0.000012900,0,160,120,8192
empty,13,0.000075400,0.000002900,0.000011000,0,160,120,8192
empty,14,0.000062900,0.000003000,0.000010000,0,160,120,8192
empty,15,0.000060200,0.000002800,0.000008400,0,160,120,8192
empty,16,0.000072700,0.000002900,0.000009100,0,160,120,8192
empty,17,0.000105000,0.000004100,0.000016500,0,160,120,8192
empty,18,0.000067000,0.000003700,0.000009900,0,160,120,8192
empty,19,0.000066500,0.000003300,0.000010500,0,160,120,8192
empty,20,0.000054300,0.000002000,0.000008000,0,160,120,8192
empty,21,0.000054300,0.000002300,0.000007700,0,160,120,8192
empty,22,0.000063800,0.000002700,0.000010100,0,160,120,8192
empty,23,0.000067200,0.000002600,0.000009800,0,160,120,8192
empty,24,0.000058900,0.000002700,0.000009000,0,160,120,8192
empty,25,0.000051400,0.000001800,0.000007900,0,160,120,8192
empty,26,0.000056300,0.000002600,0.000007400,0,160,120,8192
empty,27,0.000052700,0.000002700,0.000007500,0,160,120,8192
empty,28,0.000051200,0.000002400,0.000007700,0,160,120,8192
empty,29,0.000041100,0.000001600,0.000005400,0,160,120,8192
empty,30,0.000053000,0.000002400,0.000007700,0,160,120,8192
empty,31,0.000051600,0.000002400,0.000007600,0,160,120,8192
empty,32,0.000083000,0.000004100,0.000011000,0,160,120,8192
empty,33,0.000068700,0.000003100,0.000010000,0,160,120,8192
empty,34,0.000063800,0.000003100,0.000009000,0,160,120,8192
empty,35,0.000062100,0.000002800,0.000009600,0,160,120,8192
empty,36,0.000059600,0.000002800,0.000008500,0,160,120,8192
empty,37,0.000060300,0.000002300,0.000008600,0,160,120,8192
empty,38,0.000066700,0.000002600,0.000009500,0,160,120,8192
empty,39,0.000184000,0.000002400,0.000015500,0,160,120,8192
empty,40,0.000071000,0.000003000,0.000009300,0,160,120,8192
empty,41,0.000059400,0.000002900,0.000006800,0,160,120,8192
empty,42,0.000133800,0.000002800,0.000010000,0,160,120,8192
empty,43,0.000059600,0.000002900,0.000008200,0,160,120,8192
empty,44,0.000056700,0.000002900,0.000008100,0,160,120,8192
empty,45,0.000645500,0.000002700,0.000008300,0,160,120,8192
empty,46,0.000063600,0.000003800,0.000008700,0,160,120,8192
empty,47,0.000046400,0.000002100,0.000006300,0,160,120,8192
empty,48,0.000044700,0.000001800,0.000006400,0,160,120,8192
empty,49,0.000044600,0.000001900,0.000006500,0,160,120,8192
empty,50,0.000055300,0.000002800,0.000008600,0,160,120,8192
empty,51,0.000063700,0.000004000,0.000009800,0,160,120,8192
empty,52,0.000072200,0.000003400,0.000010900,0,160,120,8192
empty,53,0.000066900,0.000003100,0.000009700,0,160,120,8192
empty,54,0.000060700,0.000002200,0.000010000,0,160,120,8192
empty,55,0.000060800,0.000003300,0.000008400,0,160,120,8192
empty,56,0.000056500,0.000002100,0.000008000,0,160,120,8192
empty,57,0.000054500,0.000002200,0.000007500,0,160,120,8192
empty,58,0.000091200,0.000004100,0.000012200,0,160,120,8192
empty,59,0.000075000,0.000004100,0.000009800,0,160,120,8192
empty,60,0.000103000,0.000003400,0.000011700,0,160,120,8192
empty,61,0.000079300,0.000003700,0.000011400,0,160,120,8192
empty,62,0.000087900,0.000002900,0.000009500,0,160,120,8192
empty,63,0.000063400,0.000002700,0.000010200,0,160,120,8192
empty,64,0.000108700,0.000004800,0.000014700,0,160,120,8192
empty,65,0.000090100,0.000004200,0.000012900,0,160,120,8192
empty,66,0.000091400,0.000004100,0.000011800,0,160,120,8192
empty,67,0.000109500,0.000004600,0.000014600,0,160,120,8192
empty,68,0.000088700,0.000002500,0.000014200,0,160,120,8192
empty,69,0.000088300,0.000004100,0.000012400,0,160,120,8192
empty,70,0.000055400,0.000002300,0.000007200,0,160,120,8192
empty,71,0.000067300,0.000003000,0.000009400,0,160,120,8192
empty,72,0.000556600,0.000002000,0.000007600,0,160,120,8192
empty,73,0.000052600,0.000002400,0.000007300,0,160,120,8192
empty,74,0.000042100,0.000001900,0.000005800,0,160,120,8192
empty,75,0.000043700,0.000002000,0.000006200,0,160,120,8192
empty,76,0.000053100,0.000002600,0.000007800,0,160,120,8192
empty,77,0.000043000,0.000001800,0.000005500,0,160,120,8192
empty,78,0.000051200,0.000002500,0.000006100,0,160,120,8192
empty,79,0.000125000,0.000002500,0.000007800,0,160,120,8192
empty,80,0.000045200,0.000001700,0.000006700,0,160,120,8192
empty,81,0.000099900,0.000003800,0.000013400,0,160,120,8192
empty,82,0.000215100,0.000003200,0.000104900,0,160,120,8192
empty,83,0.000109900,0.000003100,0.000040800,0,160,120,8192
empty,84,0.000074900,0.000003000,0.000011100,0,160,120,8192
empty,85,0.000061200,0.000002600,0.000009400,0,160,120,8192
empty,86,0.000081600,0.000003600,0.000009900,0,160,120,8192
empty,87,0.000082500,0.000004000,0.000010600,0,160,120,8192
empty,88,0.000067600,0.000002200,0.000010600,0,160,120,8192
empty,89,0.000055900,0.000002100,0.000006900,0,160,120,8192
empty,90,0.000200000,0.000142100,0.000007500,0,160,120,8192
empty,91,0.000054400,0.000002300,0.000007500,0,160,120,8192
empty,92,0.000043400,0.000001900,0.000006000,0,160,120,8192
empty,93,0.000056000,0.000002400,0.000007200,0,160,120,8192
empty,94,0.000055800,0.000002400,0.000007600,0,160,120,8192
empty,95,0.000062200,0.000002700,0.000008300,0,160,120,8192
empty,96,0.000060500,0.000002600,0.000007800,0,160,120,8192
empty,97,0.000045900,0.000001700,0.000006000,0,160,120,8192
empty,98,0.000042600,0.000001600,0.000005800,0,160,120,8192
empty,99,0.000052500,0.000002300,0.000007000,0,160,120,8192
empty,100,0.000055900,0.000002400,0.000008100,0,160,120,8192
empty,101,0.000056700,0.000002800,0.000007500,0,160,120,8192
empty,102,0.000087400,0.000004700,0.000011600,0,160,120,8192
empty,103,0.000077900,0.000004000,0.000010600,0,160,120,8192
empty,104,0.000296600,0.000003400,0.000207200,0,160,120,8192
empty,105,0.000395700,0.000003500,0.000323500,0,160,120,8192
empty,106,0.000077400,0.000003700,0.000010700,0,160,120,8192
empty,107,0.000184400,0.000003000,0.000012700,0,160,120,8192
empty,108,0.000067800,0.000002500,0.000011900,0,160,120,8192
empty,109,0.000119100,0.000002900,0.000037300,0,160,120,8192
empty,110,0.000066800,0.000002300,0.000008600,0,160,120,8192
empty,111,0.000071100,0.000003200,0.000007000,0,160,120,8192
empty,112,0.000063400,0.000002900,0.000008700,0,160,120,8192
empty,113,0.000102100,0.000003200,0.000008500,0,160,120,8192
empty,114,0.000115400,0.000002800,0.000046500,0,160,120,8192
empty,115,0.000061600,0.000002800,0.000008200,0,160,120,8192
empty,116,0.000056100,0.000002800,0.000006700,0,160,120,8192
empty,117,0.000040200,0.000001800,0.000005200,0,160,120,8192
empty,118,0.000040600,0.000001600,0.000005500,0,160,120,8192
empty,119,0.000036100,0.000001500,0.000005100,0,160,120,8192
empty,120,0.000041400,0.000001800,0.000005100,0,160,120,8192
empty,121,0.000050200,0.000002300,0.000007400,0,160,120,8192
empty,122,0.000093400,0.000002100,0.000005600,0,160,120,8192
empty,123,0.000046700,0.000002700,0.000007200,0,160,120,8192
empty,124,0.000053900,0.000002300,0.000007400,0,160,120,8192
empty,125,0.000127500,0.000003700,0.000011100,0,160,120,8192
empty,126,0.000069000,0.000003300,0.000009700,0,160,120,8192
empty,127,0.000068400,0.000002900,0.000011000,0,160,120,8192
empty,128,0.000131300,0.000003300,0.000043700,0,160,120,8192
empty,129,0.000080800,0.000002600,0.000010000,0,160,120,8192
empty,130,0.000071000,0.000002600,0.000009400,0,160,120,8192
empty,131,0.000060200,0.000002400,0.000008300,0,160,120,8192
empty,132,0.000051900,0.000002200,0.000006800,0,160,120,8192
empty,133,0.000060500,0.000003000,0.000008100,0,160,120,8192
empty,134,0.000048300,0.000001800,0.000006100,0,160,120,8192
empty,135,0.000043500,0.000001500,0.000006100,0,160,120,8192
empty,136,0.000057000,0.000002700,0.000006600,0,160,120,8192
empty,137,0.000040900,0.000001500,0.000005500,0,160,120,8192
empty,138,0.000039600,0.000001400,0.000005500,0,160,120,8192
empty,139,0.000045500,0.000001500,0.000005800,0,160,120,8192
empty,140,0.000045400,0.000002900,0.000006100,0,160,120,8192
empty,141,0.000043200,0.000001900,0.000005300,0,160,120,8192
empty,142,0.000042300,0.000001700,0.000005700,0,160,120,8192
empty,143,0.000038800,0.000001700,0.000005300,0,160,120,8192
empty,144,0.000048300,0.000002200,0.000006800,0,160,120,8192
empty,145,0.000048700,0.000002700,0.000005500,0,160,120,8192
empty,146,0.000037300,0.000001600,0.000004800,0,160,120,8192
empty,147,0.000038000,0.000001700,0.000004700,0,160,120,8192
empty,148,0.000035900,0.000001400,0.000004400,0,160,120,8192
empty,149,0.000088500,0.000002800,0.000007400,0,160,120,8192
empty,150,0.000084000,0.000001600,0.000039500,0,160,120,8192
empty,151,0.000050000,0.000002500,0.000006700,0,160,120,8192
empty,152,0.000051200,0.000002500,0.000007300,0,160,120,8192
empty,153,0.000088800,0.000002800,0.000008100,0,160,120,8192
empty,154,0.000056700,0.000002500,0.000007500,0,160,120,8192
empty,155,0.000052500,0.000002300,0.000007000,0,160,120,8192
empty,156,0.000048300,0.000002300,0.000006700,0,160,120,8192
empty,157,0.000057500,0.000004400,0.000006600,0,160,120,8192
empty,158,0.000041200,0.000002200,0.000005900,0,160,120,8192
empty,159,0.000041000,0.000001700,0.000005900,0,160,120,8192
empty,160,0.000112000,0.000002400,0.000006900,0,160,120,8192
empty,161,0.000094600,0.000003000,0.000009600,0,160,120,8192
empty,162,0.000053600,0.000002600,0.000007000,0,160,120,8192
empty,163,0.000086300,0.000004400,0.000011200,0,160,120,8192
empty,164,0.000060400,0.000003200,0.000008500,0,160,120,8192
empty,165,0.000055900,0.000003000,0.000007000,0,160,120,8192
empty,166,0.000058400,0.000002500,0.000008700,0,160,120,8192
empty,167,0.000061100,0.000002300,0.000009300,0,160,120,8192
empty,168,0.000060400,0.000002600,0.000008200,0,160,120,8192
empty,169,0.000055400,0.000002900,0.000007200,0,160,120,8192
empty,170,0.000056100,0.000002000,0.000007500,0,160,120,8192
empty,171,0.000063400,0.000002600,0.000008300,0,160,120,8192
empty,172,0.000105500,0.000003100,0.000008800,0,160,120,8192
empty,173,0.000043400,0.000001800,0.000005800,0,160,120,8192
empty,174,0.000040900,0.000001800,0.000005700,0,160,120,8192
empty,175,0.000037400,0.000001600,0.000004900,0,160,120,8192
empty,176,0.000049100,0.000002300,0.000006900,0,160,120,8192
empty,177,0.000050400,0.000002200,0.000006400,0,160,120,8192
empty,178,0.000114000,0.000002800,0.000007800,0,160,120,8192
empty,179,0.000044700,0.000002100,0.000006400,0,160,120,8192
empty,180,0.000052200,0.000002800,0.000007300,0,160,120,8192
empty,181,0.000044500,0.000001900,0.000006400,0,160,120,8192
empty,182,0.000038700,0.000001800,0.000005300,0,160,120,8192
empty,183,0.000036000,0.000001600,0.000004800,0,160,120,8192
empty,184,0.000038900,0.000001600,0.000005700,0,160,120,8192
empty,185,0.000045900,0.000002500,0.000006400,0,160,120,8192
empty,186,0.000037500,0.000001600,0.000005200,0,160,120,8192
empty,187,0.000036200,0.000001500,0.000004800,0,160,120,8192
empty,188,0.000044200,0.000002600,0.000006200,0,160,120,8192
empty,189,0.000039700,0.000002200,0.000005500,0,160,120,8192
empty,190,0.000037300,0.000001800,0.000004900,0,160,120,8192
empty,191,0.000055500,0.000002600,0.000008100,0,160,120,8192
empty,192,0.000044800,0.000001800,0.000005800,0,160,120,8192
empty,193,0.000049600,0.000002800,0.000006700,0,160,120,8192
empty,194,0.000041900,0.000001800,0.000005300,0,160,120,8192
empty,195,0.000052000,0.000002700,0.000007000,0,160,120,8192
empty,196,0.000050200,0.000002600,0.000007100,0,160,120,8192
empty,197,0.000040200,0.000001800,0.000005400,0,160,120,8192
empty,198,0.000050400,0.000002500,0.000007000,0,160,120,8192
empty,199,0.000044200,0.000001800,0.000006400,0,160,120,8192
empty,200,0.000042200,0.000001800,0.000005300,0,160,120,8192
empty,201,0.000049100,0.000002400,0.000007100,0,160,120,8192
empty,202,0.000041600,0.000001800,0.000005200,0,160,120,8192
empty,203,0.000081100,0.000003000,0.000011100,0,160,120,8192
empty,204,0.000054100,0.000002500,0.000007000,0,160,120,8192
empty,205,0.000423800,0.000002900,0.000009200,0,160,120,8192
empty,206,0.000071100,0.000003600,0.000009800,0,160,120,8192
empty,207,0.000211100,0.000063300,0.000012500,0,160,120,8192
empty,208,0.000453800,0.000003100,0.000010100,0,160,120,8192
empty,209,0.000065700,0.000002800,0.000009900,0,160,120,8192
empty,210,0.000060500,0.000002900,0.000008200,0,160,120,8192
empty,211,0.000078500,0.000004000,0.000009900,0,160,120,8192
empty,212,0.000069300,0.000003200,0.000009700,0,160,120,8192
empty,213,0.000053500,0.000002100,0.000006900,0,160,120,8192
empty,214,0.000051400,0.000002100,0.000006300,0,160,120,8192
empty,215,0.000058700,0.000003300,0.000007700,0,160,120,8192
empty,216,0.000058600,0.000002200,0.000010200,0,160,120,8192
empty,217,0.000041900,0.000001800,0.000005300,0,160,120,8192
empty,218,0.000052100,0.000002700,0.000007100,0,160,120,8192
empty,219,0.000054500,0.000002300,0.000007500,0,160,120,8192
empty,220,0.000051500,0.000002300,0.000006100,0,160,120,8192
empty,221,0.000175000,0.000002500,0.000009600,0,160,120,8192
empty,222,0.000046600,0.000002200,0.000006200,0,160,120,8192
empty,223,0.000063500,0.000002900,0.000008300,0,160,120,8192
empty,224,0.000053900,0.000002200,0.000007000,0,160,120,8192
empty,225,0.000050400,0.000002500,0.000007000,0,160,120,8192
empty,226,0.000047700,0.000002400,0.000006600,0,160,120,8192
empty,227,0.000051000,0.000002800,0.000007300,0,160,120,8192
empty,228,0.000051700,0.000002400,0.000007200,0,160,120,8192
empty,229,0.000040900,0.000001700,0.000005800,0,160,120,8192
empty,230,0.000339600,0.000004200,0.000007600,0,160,120,8192
empty,231,0.000052600,0.000002500,0.000007200,0,160,120,8192
empty,232,0.000058800,0.000002500,0.000008200,0,160,120,8192
empty,233,0.000058800,0.000002600,0.000008200,0,160,120,8192
empty,234,0.000055000,0.000002200,0.000008100,0,160,120,8192
empty,235,0.000060100,0.000002900,0.000007800,0,160,120,8192
empty,236,0.000053700,0.000002400,0.000007500,0,160,120,8192
empty,237,0.000079600,0.000001900,0.000007800,0,160,120,8192
empty,238,0.000061000,0.000003400,0.000008500,0,160,120,8192
empty,239,0.000051800,0.000001800,0.000009300,0,160,120,8192
empty,240,0.000061900,0.000003200,0.000009100,0,160,120,8192
empty,241,0.000067600,0.000003400,0.000009200,0,160,120,8192
empty,242,0.000055000,0.000002100,0.000007700,0,160,120,8192
empty,243,0.000057500,0.000002900,0.000007400,0,160,120,8192
empty,244,0.000058600,0.000003000,0.000008400,0,160,120,8192
empty,245,0.000044000,0.000001800,0.000005800,0,160,120,8192
empty,246,0.000045100,0.000001700,0.000005800,0,160,120,8192
empty,247,0.000040100,0.000001300,0.000005100,0,160,120,8192
empty,248,0.000041100,0.000001300,0.000005400,0,160,120,8192
empty,249,0.000049000,0.000003000,0.000005300,0,160,120,8192
empty,250,0.000049500,0.000002600,0.000007000,0,160,120,8192
empty,251,0.000037300,0.000001400,0.000004600,0,160,120,8192
empty,252,0.000046700,0.000002300,0.000006100,0,160,120,8192
empty,253,0.000043500,0.000001700,0.000006000,0,160,120,8192
empty,254,0.000036400,0.000001400,0.000004500,0,160,120,8192
empty,255,0.000052000,0.000002600,0.000007400,0,160,120,8192
empty,256,0.000052200,0.000002400,0.000007000,0,160,120,8192
empty,257,0.000050100,0.000002400,0.000007000,0,160,120,8192
empty,258,0.000057000,0.000002700,0.000010300,0,160,120,8192
empty,259,0.000094800,0.000002300,0.000009100,0,160,120,8192
empty,260,0.000051900,0.000002600,0.000006700,0,160,120,8192
empty,261,0.000050900,0.000002100,0.000006500,0,160,120,8192
empty,262,0.000050400,0.000002400,0.000005800,0,160,120,8192
empty,263,0.000051900,0.000002100,0.000007000,0,160,120,8192
empty,264,0.000050100,0.000002300,0.000006200,0,160,120,8192
empty,265,0.000073200,0.000002400,0.000006600,0,160,120,8192
empty,266,0.000119900,0.000002200,0.000008500,0,160,120,8192
empty,267,0.000061700,0.000002800,0.000007400,0,160,120,8192
empty,268,0.000051600,0.000002600,0.000007000,0,160,120,8192
empty,269,0.000055100,0.000002700,0.000007600,0,160,120,8192
empty,270,0.000047100,0.000002600,0.000006800,0,160,120,8192
empty,271,0.000041700,0.000001700,0.000006200,0,160,120,8192
empty,272,0.000048200,0.000002900,0.000006400,0,160,120,8192
empty,273,0.000046500,0.000002600,0.000006300,0,160,120,8192
empty,274,0.000045900,0.000002300,0.000006700,0,160,120,8192
empty,275,0.000053000,0.000002700,0.000007200,0,160,120,8192
empty,276,0.000056400,0.000002700,0.000008100,0,160,120,8192
empty,277,0.000054200,0.000002600,0.000008000,0,160,120,8192
empty,278,0.000054200,0.000002800,0.000007700,0,160,120,8192
empty,279,0.000050200,0.000002100,0.000007600,0,160,120,8192
empty,280,0.000056300,0.000002800,0.000008300,0,160,120,8192
empty,281,0.000088700,0.000002200,0.000008500,0,160,120,8192
empty,282,0.000051300,0.000002800,0.000007200,0,160,120,8192
empty,283,0.000079500,0.000004000,0.000010600,0,160,120,8192
empty,284,0.000077600,0.000004000,0.000009000,0,160,120,8192
empty,285,0.000057300,0.000002600,0.000007300,0,160,120,8192
empty,286,0.000046200,0.000002000,0.000006100,0,160,120,8192
empty,287,0.000041100,0.000001600,0.000005500,0,160,120,8192
empty,288,0.000042500,0.000002500,0.000005900,0,160,120,8192
empty,289,0.000049100,0.000002500,0.000006400,0,160,120,8192
empty,290,0.000040800,0.000001600,0.000005600,0,160,120,8192
empty,291,0.000039100,0.000001700,0.000005400,0,160,120,8192
empty,292,0.000056200,0.000002900,0.000007900,0,160,120,8192
empty,293,0.000055600,0.000002800,0.000007900,0,160,120,8192
empty,294,0.000044700,0.000002000,0.000006200,0,160,120,8192
empty,295,0.000050900,0.000002500,0.000005800,0,160,120,8192
empty,296,0.000043100,0.000002000,0.000005500,0,160,120,8192
empty,297,0.000052400,0.000002500,0.000007000,0,160,120,8192
empty,298,0.000095200,0.000001900,0.000009500,0,160,120,8192
empty,299,0.000053600,0.000003500,0.000007200,0,160,120,8192
dense,0,0.002643900,0.002211600,0.000335300,0,254560,167160,524288
dense,1,0.004749000,0.003208600,0.000119600,0,254560,167160,524288
dense,2,0.001514700,0.001311500,0.000103800,0,254560,167160,524288
dense,3,0.001430900,0.001244100,0.000103700,0,254560,167160,524288
dense,4,0.001425900,0.001267000,0.000083300,0,254560,167160,524288
dense,5,0.001487100,0.001310700,0.000091900,0,254560,167160,524288
dense,6,0.002745100,0.000713600,0.001900100,0,254560,167160,524288
dense,7,0.001580200,0.001385700,0.000093400,0,254560,167160,524288
dense,8,0.001238800,0.001075800,0.000083800,0,254560,167160,524288
dense,9,0.001779500,0.001499800,0.000154400,0,254560,167160,524288
dense,10,0.001273300,0.001118200,0.000083100,0,254560,167160,524288
dense,11,0.002108400,0.001899800,0.000095200,0,254560,167160,524288
dense,12,0.001275500,0.001071000,0.000089400,0,254560,167160,524288
dense,13,0.000957100,0.000737400,0.000147400,0,254560,167160,524288
dense,14,0.001233900,0.001063700,0.000094200,0,254560,167160,524288
dense,15,0.001085300,0.000849300,0.000165500,0,254560,167160,524288
dense,16,0.002823700,0.002674500,0.000085400,0,254560,167160,524288
dense,17,0.001384000,0.001170400,0.000124600,0,254560,167160,524288
dense,18,0.001454800,0.001291100,0.000086800,0,254560,167160,524288
dense,19,0.001245700,0.001041300,0.000105400,0,254560,167160,524288
dense,20,0.000764900,0.000642100,0.000067700,0,254560,167160,524288
dense,21,0.001339600,0.001163700,0.000095600,0,254560,167160,524288
dense,22,0.001686700,0.001091400,0.000085600,0,254560,167160,524288
dense,23,0.001120100,0.000985200,0.000075900,0,254560,167160,524288
dense,24,0.001844600,0.001590700,0.000098600,0,254560,167160,524288
dense,25,0.003760300,0.003570300,0.000099600,0,254560,167160,524288
dense,26,0.001220300,0.001041800,0.000097600,0,254560,167160,524288
dense,27,0.001855300,0.001293000,0.000336400,0,254560,167160,524288
dense,28,0.000891100,0.000753700,0.000073600,0,254560,167160,524288
dense,29,0.001931900,0.001737800,0.000090800,0,254560,167160,524288
dense,30,0.000823500,0.000666600,0.000079200,0,254560,167160,524288
dense,31,0.001885900,0.001685200,0.000127400,0,254560,167160,524288
dense,32,0.000788600,0.000662800,0.000066500,0,254560,167160,524288
dense,33,0.001378100,0.001169100,0.000146500,0,254560,167160,524288
dense,34,0.003874600,0.003623200,0.000112300,0,254560,167160,524288
dense,35,0.001345800,0.001044100,0.000110700,0,254560,167160,524288
dense,36,0.001120200,0.000993300,0.000069300,0,254560,167160,524288
dense,37,0.001646700,0.001489100,0.000085400,0,254560,167160,524288
dense,38,0.001367800,0.001210000,0.000085400,0,254560,167160,524288
dense,39,0.001369300,0.001214700,0.000080800,0,254560,167160,524288
dense,40,0.001773200,0.001402700,0.000069700,0,254560,167160,524288
dense,41,0.001426400,0.001287900,0.000061800,0,254560,167160,524288
dense,42,0.001064200,0.000956900,0.000052900,0,254560,167160,524288
dense,43,0.001829700,0.001502800,0.000220700,0,254560,167160,524288
dense,44,0.001687800,0.001529300,0.000075300,0,254560,167160,524288
dense,45,0.001595300,0.001268800,0.000064700,0,254560,167160,524288
dense,46,0.000887900,0.000792400,0.000041800,0,254560,167160,524288
dense,47,0.000989300,0.000787500,0.000091600,0,254560,167160,524288
dense,48,0.000920500,0.000781300,0.000064100,0,254560,167160,524288
dense,49,0.001468800,0.001320600,0.000078400,0,254560,167160,524288
dense,50,0.004305400,0.004142000,0.000076600,0,254560,167160,524288
dense,51,0.001652200,0.001501900,0.000068900,0,254560,167160,524288
dense,52,0.001535600,0.001352700,0.000093900,0,254560,167160,524288
dense,53,0.001195700,0.001050300,0.000068200,0,254560,167160,524288
dense,54,0.001153100,0.001038000,0.000051800,0,254560,167160,524288
dense,55,0.000975400,0.000865400,0.000054400,0,254560,167160,524288
dense,56,0.001794100,0.001654400,0.000066000,0,254560,167160,524288
dense,57,0.001075700,0.000834400,0.000163300,0,254560,167160,524288
dense,58,0.001732000,0.001504500,0.000116900,0,254560,167160,524288
dense,59,0.001178900,0.001033300,0.000065600,0,254560,167160,524288
dense,60,0.001542700,0.001396000,0.000070000,0,254560,167160,524288
dense,61,0.001304200,0.001164300,0.000065600,0,254560,167160,524288
dense,62,0.002420900,0.002171900,0.000170500,0,254560,167160,524288
dense,63,0.001196900,0.001077100,0.000058900,0,254560,167160,524288
dense,64,0.001359400,0.001228100,0.000060700,0,254560,167160,524288
dense,65,0.001645600,0.001519000,0.000057100,0,254560,167160,524288
dense,66,0.000725600,0.000628400,0.000042900,0,254560,167160,524288
dense,67,0.001670000,0.001539900,0.000059000,0,254560,167160,524288
dense,68,0.001867500,0.001738700,0.000062200,0,254560,167160,524288
dense,69,0.001324300,0.001192300,0.000059800,0,254560,167160,524288
dense,70,0.001123000,0.000980900,0.000067000,0,254560,167160,524288
dense,71,0.001537100,0.001396800,0.000054800,0,254560,167160,524288
dense,72,0.000897000,0.000777600,0.000055200,0,254560,167160,524288
dense,73,0.001323300,0.001170900,0.000078800,0,254560,167160,524288
dense,74,0.001248400,0.001116600,0.000062500,0,254560,167160,524288
dense,75,0.001158800,0.001032300,0.000061800,0,254560,167160,524288
dense,76,0.004945200,0.004811500,0.000063400,0,254560,167160,524288
dense,77,0.001889200,0.001718200,0.000085000,0,254560,167160,524288
dense,78,0.002087000,0.001822600,0.000158400,0,254560,167160,524288
dense,79,0.001942300,0.001731400,0.000095100,0,254560,167160,524288
dense,80,0.002552700,0.002181900,0.000100500,0,254560,167160,524288
dense,81,0.001087800,0.000898700,0.000066400,0,254560,167160,524288
dense,82,0.003485600,0.003322200,0.000077400,0,254560,167160,524288
dense,83,0.001632800,0.001485400,0.000067600,0,254560,167160,524288
dense,84,0.001226100,0.001082900,0.000074600,0,254560,167160,524288
dense,85,0.001439200,0.001229600,0.000123800,0,254560,167160,524288
dense,86,0.001668700,0.001410500,0.000074100,0,254560,167160,524288
dense,87,0.001371300,0.001182400,0.000096300,0,254560,167160,524288
dense,88,0.000990700,0.000883000,0.000050900,0,254560,167160,524288
dense,89,0.001399100,0.001223500,0.000079600,0,254560,167160,524288
dense,90,0.001330400,0.001211700,0.000056500,0,254560,167160,524288
dense,91,0.001851300,0.001698000,0.000070600,0,254560,167160,524288
dense,92,0.002125400,0.001976000,0.000070100,0,254560,167160,524288
dense,93,0.001292400,0.001153600,0.000064700,0,254560,167160,524288
dense,94,0.002616400,0.002328500,0.000193800,0,254560,167160,524288
dense,95,0.001105400,0.000977100,0.000056400,0,254560,167160,524288
dense,96,0.004703700,0.003601800,0.000082500,0,254560,167160,524288
dense,97,0.001528800,0.001320700,0.000071600,0,254560,167160,524288
dense,98,0.001211700,0.001093300,0.000057200,0,254560,167160,524288
dense,99,0.001451600,0.001311200,0.000063100,0,254560,167160,524288
dense,100,0.001359900,0.001214700,0.000075100,0,254560,167160,524288
dense,101,0.001143300,0.001008900,0.000066000,0,254560,167160,524288
dense,102,0.001192000,0.001072600,0.000057900,0,254560,167160,524288
dense,103,0.001745400,0.001574100,0.000071300,0,254560,167160,524288
dense,104,0.001186700,0.001058700,0.000063700,0,254560,167160,524288
dense,105,0.005972300,0.005694800,0.000164100,0,254560,167160,524288
dense,106,0.001662500,0.001515000,0.000062300,0,254560,167160,524288
dense,107,0.000743600,0.000641200,0.000043300,0,254560,167160,524288
dense,108,0.000857400,0.000702500,0.000050800,0,254560,167160,524288
dense,109,0.001195600,0.001067800,0.000053900,0,254560,167160,524288
dense,110,0.001032800,0.000880300,0.000072000,0,254560,167160,524288
dense,111,0.002266100,0.002119700,0.000068900,0,254560,167160,524288
dense,112,0.001190500,0.001051200,0.000066300,0,254560,167160,524288
dense,113,0.004488600,0.004301000,0.000086400,0,254560,167160,524288
dense,114,0.001133700,0.000919400,0.000071600,0,254560,167160,524288
dense,115,0.001790600,0.001466700,0.000072200,0,254560,167160,524288
dense,116,0.000802100,0.000696800,0.000049100,0,254560,167160,524288
dense,117,0.001131500,0.000997300,0.000066400,0,254560,167160,524288
dense,118,0.001301900,0.001174700,0.000057400,0,254560,167160,524288
dense,119,0.001025200,0.000830500,0.000122700,0,254560,167160,524288
dense,120,0.001615800,0.001464400,0.000075900,0,254560,167160,524288
dense,121,0.001565200,0.001394100,0.000058100,0,254560,167160,524288
dense,122,0.002687900,0.002552200,0.000067100,0,254560,167160,524288
dense,123,0.000869700,0.000624300,0.000167200,0,254560,167160,524288
dense,124,0.001569000,0.001438500,0.000055800,0,254560,167160,524288
dense,125,0.001448700,0.001284500,0.000081000,0,254560,167160,524288
dense,126,0.001356500,0.001215900,0.000062000,0,254560,167160,524288
dense,127,0.000740500,0.000642300,0.000044500,0,254560,167160,524288
dense,128,0.001196700,0.001042800,0.000082500,0,254560,167160,524288
dense,129,0.001950300,0.001757300,0.000115800,0,254560,167160,524288
dense,130,0.001211400,0.001037600,0.000109500,0,254560,167160,524288
dense,131,0.004688900,0.003923800,0.000658600,0,254560,167160,524288
dense,132,0.001388600,0.001222400,0.000079700,0,254560,167160,524288
dense,133,0.001294500,0.001153800,0.000061200,0,254560,167160,524288
dense,134,0.001441500,0.001314900,0.000051100,0,254560,167160,524288
dense,135,0.001201400,0.001055100,0.000069800,0,254560,167160,524288
dense,136,0.001228000,0.001085300,0.000064700,0,254560,167160,524288
dense,137,0.001091300,0.000931900,0.000087200,0,254560,167160,524288
dense,138,0.004357500,0.004131800,0.000082000,0,254560,167160,524288
dense,139,0.001147300,0.000994700,0.000079600,0,254560,167160,524288
dense,140,0.001642300,0.001481400,0.000075900,0,254560,167160,524288
dense,141,0.002038500,0.001886800,0.000078400,0,254560,167160,524288
dense,142,0.001435900,0.001314500,0.000057600,0,254560,167160,524288
dense,143,0.001297000,0.001165800,0.000060600,0,254560,167160,524288
dense,144,0.001444000,0.001326900,0.000050000,0,254560,167160,524288
dense,145,0.001355300,0.001064500,0.000090900,0,254560,167160,524288
dense,146,0.003902000,0.003736700,0.000077700,0,254560,167160,524288
dense,147,0.001022900,0.000890100,0.000063000,0,254560,167160,524288
dense,148,0.001801800,0.001663700,0.000065500,0,254560,167160,524288
dense,149,0.001104500,0.000967900,0.000061100,0,254560,167160,524288
dense,150,0.001118000,0.000992400,0.000054300,0,254560,167160,524288
dense,151,0.001253500,0.001118800,0.000061000,0,254560,167160,524288
dense,152,0.001342900,0.001202600,0.000068100,0,254560,167160,524288
dense,153,0.001952500,0.001828200,0.000050500,0,254560,167160,524288
dense,154,0.000952900,0.000767400,0.000096300,0,254560,167160,524288
dense,155,0.004019500,0.003597100,0.000314100,0,254560,167160,524288
dense,156,0.000956300,0.000815900,0.000072400,0,254560,167160,524288
dense,157,0.001595200,0.001435800,0.000073600,0,254560,167160,524288
dense,158,0.000741100,0.000625600,0.000050300,0,254560,167160,524288
dense,159,0.001017500,0.000907600,0.000052200,0,254560,167160,524288
dense,160,0.001927100,0.001739000,0.000104300,0,254560,167160,524288
dense,161,0.001944100,0.001054900,0.000071100,0,254560,167160,524288
dense,162,0.000941800,0.000803500,0.000065700,0,254560,167160,524288
dense,163,0.001475500,0.001340900,0.000061300,0,254560,167160,524288
dense,164,0.002230100,0.002085500,0.000065800,0,254560,167160,524288
dense,165,0.001076900,0.000870800,0.000101200,0,254560,167160,524288
dense,166,0.001133700,0.001018800,0.000052600,0,254560,167160,524288
dense,167,0.001759900,0.001605200,0.000067200,0,254560,167160,524288
dense,168,0.001720700,0.001591400,0.000064000,0,254560,167160,524288
dense,169,0.001275900,0.001140400,0.000062600,0,254560,167160,524288
dense,170,0.001732300,0.001251300,0.000387300,0,254560,167160,524288
dense,171,0.000762900,0.000638400,0.000055400,0,254560,167160,524288
dense,172,0.001357800,0.001177000,0.000116000,0,254560,167160,524288
dense,173,0.002475300,0.002335200,0.000061500,0,254560,167160,524288
dense,174,0.001775300,0.001627400,0.000067200,0,254560,167160,524288
dense,175,0.001173500,0.001033800,0.000058200,0,254560,167160,524288
dense,176,0.000791500,0.000684100,0.000046600,0,254560,167160,524288
dense,177,0.001772600,0.001627200,0.000068200,0,254560,167160,524288
dense,178,0.001747700,0.001569000,0.000096200,0,254560,167160,524288
dense,179,0.002465300,0.002292400,0.000077000,0,254560,167160,524288
dense,180,0.001391700,0.001206800,0.000118800,0,254560,167160,524288
dense,181,0.003766500,0.003597600,0.000074800,0,254560,167160,524288
dense,182,0.001004300,0.000877500,0.000061400,0,254560,167160,524288
dense,183,0.000930200,0.000791500,0.000065100,0,254560,167160,524288
dense,184,0.001128700,0.001012500,0.000052000,0,254560,167160,524288
dense,185,0.002130100,0.001983100,0.000062400,0,254560,167160,524288
dense,186,0.001496500,0.001348900,0.000064700,0,254560,167160,524288
dense,187,0.001542500,0.001421700,0.000057500,0,254560,167160,524288
dense,188,0.001686100,0.001536600,0.000061800,0,254560,167160,524288
dense,189,0.001489800,0.001232100,0.000164200,0,254560,167160,524288
dense,190,0.001264300,0.001082900,0.000089600,0,254560,167160,524288
dense,191,0.001084500,0.000783300,0.000226900,0,254560,167160,524288
dense,192,0.001414600,0.001291600,0.000060700,0,254560,167160,524288
dense,193,0.001787800,0.001651500,0.000065700,0,254560,167160,524288
dense,194,0.001130300,0.001024600,0.000048200,0,254560,167160,524288
dense,195,0.001721100,0.001600700,0.000054100,0,254560,167160,524288
dense,196,0.001480700,0.001237100,0.000161900,0,254560,167160,524288
dense,197,0.001234600,0.001122800,0.000051000,0,254560,167160,524288
dense,198,0.001271100,0.001141700,0.000061100,0,254560,167160,524288
dense,199,0.000970800,0.000707800,0.000136800,0,254560,167160,524288
dense,200,0.001364700,0.001246400,0.000048300,0,254560,167160,524288
dense,201,0.001656100,0.001497900,0.000061700,0,254560,167160,524288
dense,202,0.002408800,0.002272200,0.000061700,0,254560,167160,524288
dense,203,0.000736900,0.000645000,0.000039800,0,254560,167160,524288
dense,204,0.004414700,0.001226400,0.002928000,0,254560,167160,524288
dense,205,0.001453400,0.001281300,0.000085200,0,254560,167160,524288
dense,206,0.001297400,0.001154900,0.000067400,0,254560,167160,524288
dense,207,0.001080200,0.000939200,0.000059200,0,254560,167160,524288
dense,208,0.001047600,0.000918300,0.000058600,0,254560,167160,524288
dense,209,0.001641500,0.001504000,0.000066300,0,254560,167160,524288
dense,210,0.000825700,0.000714300,0.000054600,0,254560,167160,524288
dense,211,0.001635000,0.001491700,0.000064900,0,254560,167160,524288
dense,212,0.002451800,0.002015600,0.000096500,0,254560,167160,524288
dense,213,0.001257800,0.001127100,0.000058100,0,254560,167160,524288
dense,214,0.001875900,0.001730200,0.000065500,0,254560,167160,524288
dense,215,0.001237300,0.001106700,0.000064100,0,254560,167160,524288
dense,216,0.000738700,0.000649200,0.000038000,0,254560,167160,524288
dense,217,0.001369100,0.001175200,0.000102400,0,254560,167160,524288
dense,218,0.001119700,0.000875300,0.000058800,0,254560,167160,524288
dense,219,0.001772000,0.001632400,0.000072900,0,254560,167160,524288
dense,220,0.001173300,0.001064400,0.000053400,0,254560,167160,524288
dense,221,0.001357100,0.001250400,0.000051000,0,254560,167160,524288
dense,222,0.001249900,0.001109800,0.000064600,0,254560,167160,524288
dense,223,0.001726800,0.001590400,0.000066900,0,254560,167160,524288
dense,224,0.002369600,0.002209800,0.000088700,0,254560,167160,524288
dense,225,0.001054100,0.000935600,0.000054800,0,254560,167160,524288
dense,226,0.001568300,0.001369700,0.000094200,0,254560,167160,524288
dense,227,0.000806700,0.000701200,0.000052500,0,254560,167160,524288
dense,228,0.001277100,0.001053100,0.000140300,0,254560,167160,524288
dense,229,0.002034300,0.001859800,0.000079500,0,254560,167160,524288
dense,230,0.002075700,0.001848800,0.000070600,0,254560,167160,524288
dense,231,0.001238900,0.001102400,0.000063900,0,254560,167160,524288
dense,232,0.002164600,0.001997400,0.000080500,0,254560,167160,524288
dense,233,0.000972900,0.000853200,0.000057300,0,254560,167160,524288
dense,234,0.000740600,0.000641700,0.000047200,0,254560,167160,524288
dense,235,0.001211200,0.001081900,0.000060500,0,254560,167160,524288
dense,236,0.001429500,0.001313000,0.000046100,0,254560,167160,524288
dense,237,0.002136800,0.001855200,0.000179100,0,254560,167160,524288
dense,238,0.000851800,0.000733600,0.000049500,0,254560,167160,524288
dense,239,0.001431900,0.001290900,0.000067400,0,254560,167160,524288
dense,240,0.001286900,0.001167800,0.000059300,0,254560,167160,524288
dense,241,0.001876300,0.001246400,0.000072900,0,254560,167160,524288
dense,242,0.001767600,0.001633300,0.000068800,0,254560,167160,524288
dense,243,0.001979700,0.001692200,0.000065300,0,254560,167160,524288
dense,244,0.001325600,0.001068900,0.000145200,0,254560,167160,524288
dense,245,0.001779100,0.001652100,0.000060500,0,254560,167160,524288
dense,246,0.001336100,0.001112700,0.000089200,0,254560,167160,524288
dense,247,0.001437800,0.001261900,0.000087300,0,254560,167160,524288
dense,248,0.001315800,0.001192500,0.000064400,0,254560,167160,524288
dense,249,0.001174900,0.001041500,0.000061500,0,254560,167160,524288
dense,250,0.001315200,0.001093700,0.000147300,0,254560,167160,524288
dense,251,0.000978400,0.000761800,0.000140400,0,254560,167160,524288
dense,252,0.001145300,0.000946400,0.000102700,0,254560,167160,524288
dense,253,0.001159300,0.001041700,0.000058800,0,254560,167160,524288
dense,254,0.001511500,0.001381600,0.000062100,0,254560,167160,524288
dense,255,0.002034700,0.001889800,0.000069400,0,254560,167160,524288
dense,256,0.001423300,0.001279500,0.000068300,0,254560,167160,524288
dense,257,0.001585700,0.001421600,0.000086900,0,254560,167160,524288
dense,258,0.001247400,0.001098900,0.000074600,0,254560,167160,524288
dense,259,0.001726300,0.001376500,0.000258600,0,254560,167160,524288
dense,260,0.000732800,0.000645100,0.000038800,0,254560,167160,524288
dense,261,0.001409600,0.001283700,0.000057500,0,254560,167160,524288
dense,262,0.001105900,0.000996000,0.000052800,0,254560,167160,524288
dense,263,0.002095500,0.001803500,0.000072000,0,254560,167160,524288
dense,264,0.002287600,0.002150700,0.000063800,0,254560,167160,524288
dense,265,0.001230100,0.001085400,0.000069300,0,254560,167160,524288
dense,266,0.001237300,0.001096600,0.000066200,0,254560,167160,524288
dense,267,0.001247200,0.001103400,0.000065300,0,254560,167160,524288
dense,268,0.001508800,0.001328700,0.000074400,0,254560,167160,524288
dense,269,0.001382100,0.001246400,0.000062700,0,254560,167160,524288
dense,270,0.001529300,0.001395000,0.000057100,0,254560,167160,524288
dense,271,0.000833000,0.000735900,0.000040200,0,254560,167160,524288
dense,272,0.001471100,0.001211600,0.000066600,0,254560,167160,524288
dense,273,0.001072100,0.000908900,0.000071700,0,254560,167160,524288
dense,274,0.001480600,0.001350700,0.000055600,0,254560,167160,524288
dense,275,0.001368200,0.001178600,0.000105000,0,254560,167160,524288
dense,276,0.001753900,0.001611500,0.000061700,0,254560,167160,524288
dense,277,0.001833100,0.001693300,0.000067700,0,254560,167160,524288
dense,278,0.001937000,0.001791500,0.000071800,0,254560,167160,524288
dense,279,0.002605200,0.002341700,0.000133200,0,254560,167160,524288
dense,280,0.002925000,0.002748500,0.000079300,0,254560,167160,524288
dense,281,0.001704500,0.001548800,0.000067800,0,254560,167160,524288
dense,282,0.001195800,0.001056500,0.000062300,0,254560,167160,524288
dense,283,0.001061500,0.000930300,0.000064800,0,254560,167160,524288
dense,284,0.000737900,0.000644600,0.000040700,0,254560,167160,524288
dense,285,0.001615900,0.001482400,0.000060300,0,254560,167160,524288
dense,286,0.001086200,0.000954800,0.000061400,0,254560,167160,524288
dense,287,0.001442900,0.001317900,0.000056200,0,254560,167160,524288
dense,288,0.001463000,0.001119400,0.000223100,0,254560,167160,524288
dense,289,0.003953200,0.003791000,0.000074800,0,254560,167160,524288
dense,290,0.001085300,0.000925200,0.000077400,0,254560,167160,524288
dense,291,0.000945300,0.000808500,0.000062800,0,254560,167160,524288
dense,292,0.001160900,0.001003800,0.000075000,0,254560,167160,524288
dense,293,0.001566700,0.001440000,0.000065000,0,254560,167160,524288
dense,294,0.001360500,0.001247600,0.000052100,0,254560,167160,524288
dense,295,0.001861500,0.001721800,0.000066200,0,254560,167160,524288
dense,296,0.001110600,0.000985200,0.000056400,0,254560,167160,524288
dense,297,0.004118100,0.003042500,0.000973500,0,254560,167160,524288
dense,298,0.000903100,0.000760200,0.000065000,0,254560,167160,524288
dense,299,0.003067100,0.002689300,0.000282700,0,254560,167160,524288
plot,0,0.016041400,0.015170400,0.000756600,0,1967760,786912,3145728
plot,1,0.011239700,0.010386100,0.000744700,0,1967760,786912,3145728
plot,2,0.012002100,0.011112700,0.000761500,0,1967760,786912,3145728
plot,3,0.011968600,0.011021700,0.000835300,0,1967760,786912,3145728
plot,4,0.014211000,0.013351400,0.000751300,0,1967760,786912,3145728
plot,5,0.010996900,0.010234700,0.000671800,0,1967760,786912,3145728
plot,6,0.015178200,0.014424600,0.000651500,0,1967760,786912,3145728
plot,7,0.015275900,0.014362700,0.000794700,0,1967760,786912,3145728
plot,8,0.014536200,0.013581500,0.000837100,0,1967760,786912,3145728
plot,9,0.009923000,0.008529200,0.001197900,0,1967760,786912,3145728
plot,10,0.014025800,0.012919100,0.000993200,0,1967760,786912,3145728
plot,11,0.015040400,0.011380100,0.002638200,0,1967760,786912,3145728
plot,12,0.007906200,0.007100900,0.000703200,0,1967760,786912,3145728
plot,13,0.013250300,0.011662300,0.001464100,0,1967760,786912,3145728
plot,14,0.010782800,0.009829500,0.000780900,0,1967760,786912,3145728
plot,15,0.015994700,0.015067400,0.000811700,0,1967760,786912,3145728
plot,16,0.009728900,0.008605500,0.000729900,0,1967760,786912,3145728
plot,17,0.010279000,0.009521300,0.000665100,0,1967760,786912,3145728
plot,18,0.009060800,0.008166500,0.000788400,0,1967760,786912,3145728
plot,19,0.015436700,0.014688000,0.000649600,0,1967760,786912,3145728
plot,20,0.011343900,0.007600600,0.003638200,0,1967760,786912,3145728
plot,21,0.011588300,0.010700100,0.000773400,0,1967760,786912,3145728
plot,22,0.014598400,0.013585500,0.000878500,0,1967760,786912,3145728
plot,23,0.009086200,0.008366200,0.000592200,0,1967760,786912,3145728
plot,24,0.015420700,0.014182900,0.001098700,0,1967760,786912,3145728
plot,25,0.013438800,0.012903600,0.000429400,0,1967760,786912,3145728
plot,26,0.010766000,0.009895600,0.000711400,0,1967760,786912,3145728
plot,27,0.012817900,0.012226400,0.000480600,0,1967760,786912,3145728
plot,28,0.009524700,0.009049600,0.000385100,0,1967760,786912,3145728
plot,29,0.012808900,0.012156100,0.000553300,0,1967760,786912,3145728
plot,30,0.010717100,0.009839700,0.000779000,0,1967760,786912,3145728
plot,31,0.008517100,0.007840100,0.000561900,0,1967760,786912,3145728
plot,32,0.014650200,0.013683000,0.000596600,0,1967760,786912,3145728
plot,33,0.010352000,0.009563300,0.000685300,0,1967760,786912,3145728
plot,34,0.013776300,0.013086700,0.000559200,0,1967760,786912,3145728
plot,35,0.019547900,0.018773500,0.000673600,0,1967760,786912,3145728
plot,36,0.018433200,0.017197100,0.001100500,0,1967760,786912,3145728
plot,37,0.025329400,0.023984600,0.000958400,0,1967760,786912,3145728
plot,38,0.020135100,0.019075900,0.000920800,0,1967760,786912,3145728
plot,39,0.012854700,0.012101800,0.000628200,0,1967760,786912,3145728
plot,40,0.015431400,0.014826200,0.000500400,0,1967760,786912,3145728
plot,41,0.020183700,0.018153800,0.001328000,0,1967760,786912,3145728
plot,42,0.022531800,0.021279500,0.001124700,0,1967760,786912,3145728
plot,43,0.021663800,0.020906300,0.000577000,0,1967760,786912,3145728
plot,44,0.019190100,0.018597500,0.000479700,0,1967760,786912,3145728
plot,45,0.012803100,0.012291100,0.000424500,0,1967760,786912,3145728
plot,46,0.012942100,0.012345800,0.000491300,0,1967760,786912,3145728
plot,47,0.013246600,0.010093000,0.001937000,0,1967760,786912,3145728
plot,48,0.009151900,0.008641700,0.000420800,0,1967760,786912,3145728
plot,49,0.008858700,0.008318800,0.000435300,0,1967760,786912,3145728
plot,50,0.013941700,0.013193100,0.000539900,0,1967760,786912,3145728
plot,51,0.006750300,0.006243300,0.000419300,0,1967760,786912,3145728
plot,52,0.012966800,0.011920400,0.000947600,0,1967760,786912,3145728
plot,53,0.008044200,0.007519100,0.000425600,0,1967760,786912,3145728
plot,54,0.014859200,0.014268800,0.000475900,0,1967760,786912,3145728
plot,55,0.009503600,0.008997800,0.000400400,0,1967760,786912,3145728
plot,56,0.015458800,0.014780500,0.000572000,0,1967760,786912,3145728
plot,57,0.011243100,0.007948000,0.003188300,0,1967760,786912,3145728
plot,58,0.008262000,0.007737800,0.000431500,0,1967760,786912,3145728
plot,59,0.009923000,0.009396000,0.000390200,0,1967760,786912,3145728
plot,60,0.010267100,0.009744600,0.000428100,0,1967760,786912,3145728
plot,61,0.009098000,0.007322900,0.001654600,0,1967760,786912,3145728
plot,62,0.012874600,0.012296300,0.000486900,0,1967760,786912,3145728
plot,63,0.010209900,0.009649600,0.000472000,0,1967760,786912,3145728
plot,64,0.015564900,0.014801600,0.000654700,0,1967760,786912,3145728
plot,65,0.011380100,0.010845100,0.000435600,0,1967760,786912,3145728
plot,66,0.011764900,0.010375800,0.001190700,0,1967760,786912,3145728
plot,67,0.012025700,0.011464500,0.000466000,0,1967760,786912,3145728
plot,68,0.010436700,0.009836700,0.000488000,0,1967760,786912,3145728
plot,69,0.012195900,0.011548800,0.000448600,0,1967760,786912,3145728
plot,70,0.011160000,0.010017300,0.001041900,0,1967760,786912,3145728
plot,71,0.011357500,0.009415000,0.000595900,0,1967760,786912,3145728
plot,72,0.012107100,0.011542400,0.000456500,0,1967760,786912,3145728
plot,73,0.008889500,0.008374600,0.000416000,0,1967760,786912,3145728
plot,74,0.015356300,0.014663800,0.000581400,0,1967760,786912,3145728
plot,75,0.009271200,0.008575400,0.000590200,0,1967760,786912,3145728
plot,76,0.013239200,0.012532900,0.000595400,0,1967760,786912,3145728
plot,77,0.009806600,0.008957500,0.000740300,0,1967760,786912,3145728
plot,78,0.013322500,0.012234700,0.000980800,0,1967760,786912,3145728
plot,79,0.010124100,0.009625300,0.000411600,0,1967760,786912,3145728
plot,80,0.015098300,0.014535500,0.000456500,0,1967760,786912,3145728
plot,81,0.009641400,0.009080700,0.000448900,0,1967760,786912,3145728
plot,82,0.011187000,0.010620400,0.000457500,0,1967760,786912,3145728
plot,83,0.010235900,0.009629300,0.000517600,0,1967760,786912,3145728
plot,84,0.012081200,0.011453100,0.000438000,0,1967760,786912,3145728
plot,85,0.009415000,0.008771400,0.000503100,0,1967760,786912,3145728
plot,86,0.013687700,0.012929100,0.000666300,0,1967760,786912,3145728
plot,87,0.009943600,0.009165300,0.000674700,0,1967760,786912,3145728
plot,88,0.011467700,0.010943000,0.000416800,0,1967760,786912,3145728
plot,89,0.012417400,0.008835200,0.003468000,0,1967760,786912,3145728
plot,90,0.010397800,0.009806900,0.000468400,0,1967760,786912,3145728
plot,91,0.012902400,0.012312400,0.000469600,0,1967760,786912,3145728
plot,92,0.010812800,0.010310900,0.000411400,0,1967760,786912,3145728
plot,93,0.013481300,0.012414400,0.000798200,0,1967760,786912,3145728
plot,94,0.009411900,0.008776100,0.000541300,0,1967760,786912,3145728
plot,95,0.012993200,0.012044300,0.000812700,0,1967760,786912,3145728
plot,96,0.010486200,0.009958600,0.000424000,0,1967760,786912,3145728
plot,97,0.012500600,0.011886200,0.000504200,0,1967760,786912,3145728
plot,98,0.009948700,0.009384900,0.000452200,0,1967760,786912,3145728
plot,99,0.009262300,0.008621600,0.000544600,0,1967760,786912,3145728
plot,100,0.009305900,0.008737200,0.000460200,0,1967760,786912,3145728
plot,101,0.011385500,0.010758300,0.000528400,0,1967760,786912,3145728
plot,102,0.010515400,0.009694600,0.000708600,0,1967760,786912,3145728
plot,103,0.008376600,0.007531900,0.000745700,0,1967760,786912,3145728
plot,104,0.009136300,0.008596600,0.000448800,0,1967760,786912,3145728
plot,105,0.010364000,0.009709600,0.000549300,0,1967760,786912,3145728
plot,106,0.012776800,0.012280800,0.000407800,0,1967760,786912,3145728
plot,107,0.011216300,0.010617500,0.000440100,0,1967760,786912,3145728
plot,108,0.007884600,0.007387600,0.000412400,0,1967760,786912,3145728
plot,109,0.013183600,0.012624500,0.000455700,0,1967760,786912,3145728
plot,110,0.011031700,0.010342600,0.000576700,0,1967760,786912,3145728
plot,111,0.013438400,0.012476500,0.000618200,0,1967760,786912,3145728
plot,112,0.008399900,0.007823600,0.000461200,0,1967760,786912,3145728
plot,113,0.013439100,0.012871200,0.000458700,0,1967760,786912,3145728
plot,114,0.014896200,0.012496700,0.002206400,0,1967760,786912,3145728
plot,115,0.010125300,0.009508100,0.000487900,0,1967760,786912,3145728
plot,116,0.008491800,0.007874800,0.000494300,0,1967760,786912,3145728
plot,117,0.010505600,0.009970500,0.000427000,0,1967760,786912,3145728
plot,118,0.013731700,0.013137500,0.000480400,0,1967760,786912,3145728
plot,119,0.010768700,0.010253800,0.000420100,0,1967760,786912,3145728
plot,120,0.010998900,0.010402700,0.000477900,0,1967760,786912,3145728
plot,121,0.010456100,0.009977100,0.000392100,0,1967760,786912,3145728
plot,122,0.013256200,0.012325600,0.000816100,0,1967760,786912,3145728
plot,123,0.009475300,0.008956700,0.000415800,0,1967760,786912,3145728
plot,124,0.014507400,0.013730300,0.000564600,0,1967760,786912,3145728
plot,125,0.008648000,0.008041300,0.000475300,0,1967760,786912,3145728
plot,126,0.011594000,0.011025700,0.000457100,0,1967760,786912,3145728
plot,127,0.010613600,0.010025600,0.000481300,0,1967760,786912,3145728
plot,128,0.011945800,0.011331100,0.000510600,0,1967760,786912,3145728
plot,129,0.014750800,0.014036300,0.000516400,0,1967760,786912,3145728
plot,130,0.009404200,0.008675900,0.000623000,0,1967760,786912,3145728
plot,131,0.015159700,0.014421800,0.000640700,0,1967760,786912,3145728
plot,132,0.009794600,0.008870500,0.000810500,0,1967760,786912,3145728
plot,133,0.011527400,0.010974200,0.000459800,0,1967760,786912,3145728
plot,134,0.015065700,0.014424000,0.000526600,0,1967760,786912,3145728
plot,135,0.009988200,0.009387700,0.000494700,0,1967760,786912,3145728
plot,136,0.014445700,0.013779500,0.000556800,0,1967760,786912,3145728
plot,137,0.008757200,0.008216900,0.000418500,0,1967760,786912,3145728
plot,138,0.013298500,0.012765900,0.000444900,0,1967760,786912,3145728
plot,139,0.008861300,0.007902100,0.000850700,0,1967760,786912,3145728
plot,140,0.015385300,0.014046100,0.001218900,0,1967760,786912,3145728
plot,141,0.010004600,0.009332100,0.000432300,0,1967760,786912,3145728
plot,142,0.013911400,0.013103600,0.000689500,0,1967760,786912,3145728
plot,143,0.009447500,0.008896400,0.000461300,0,1967760,786912,3145728
plot,144,0.014994100,0.014456600,0.000446000,0,1967760,786912,3145728
plot,145,0.008303800,0.007657300,0.000551100,0,1967760,786912,3145728
plot,146,0.012809900,0.012136000,0.000573100,0,1967760,786912,3145728
plot,147,0.010392300,0.009909900,0.000396300,0,1967760,786912,3145728
plot,148,0.012342900,0.011753400,0.000459900,0,1967760,786912,3145728
plot,149,0.014094000,0.012367700,0.001608600,0,1967760,786912,3145728
plot,150,0.010846900,0.010189000,0.000546500,0,1967760,786912,3145728
plot,151,0.012361700,0.011752900,0.000495200,0,1967760,786912,3145728
plot,152,0.010434100,0.009932500,0.000406800,0,1967760,786912,3145728
plot,153,0.012089000,0.011331500,0.000638200,0,1967760,786912,3145728
plot,154,0.009966400,0.009378700,0.000494400,0,1967760,786912,3145728
plot,155,0.012906700,0.012166000,0.000644200,0,1967760,786912,3145728
plot,156,0.009788500,0.009282700,0.000414700,0,1967760,786912,3145728
plot,157,0.011448600,0.010799000,0.000537400,0,1967760,786912,3145728
plot,158,0.011024400,0.010361400,0.000556100,0,1967760,786912,3145728
plot,159,0.013538500,0.012838800,0.000588200,0,1967760,786912,3145728
plot,160,0.010598700,0.010010100,0.000480900,0,1967760,786912,3145728
plot,161,0.013477000,0.012782200,0.000460100,0,1967760,786912,3145728
plot,162,0.010088100,0.009495100,0.000493500,0,1967760,786912,3145728
plot,163,0.012274700,0.011549500,0.000611000,0,1967760,786912,3145728
plot,164,0.008751600,0.008166000,0.000495400,0,1967760,786912,3145728
plot,165,0.013227900,0.012691400,0.000429700,0,1967760,786912,3145728
plot,166,0.009718500,0.009127400,0.000472300,0,1967760,786912,3145728
plot,167,0.013039700,0.012457400,0.000474900,0,1967760,786912,3145728
plot,168,0.010429400,0.009893900,0.000443700,0,1967760,786912,3145728
plot,169,0.011892600,0.011146100,0.000628800,0,1967760,786912,3145728
plot,170,0.010940500,0.010248200,0.000578200,0,1967760,786912,3145728
plot,171,0.009838500,0.009224700,0.000508600,0,1967760,786912,3145728
plot,172,0.009556800,0.008912400,0.000541800,0,1967760,786912,3145728
plot,173,0.009664900,0.008403100,0.001151200,0,1967760,786912,3145728
plot,174,0.008657600,0.007976800,0.000514300,0,1967760,786912,3145728
plot,175,0.011416600,0.010919700,0.000406900,0,1967760,786912,3145728
plot,176,0.008892000,0.008217500,0.000561700,0,1967760,786912,3145728
plot,177,0.011360100,0.010639000,0.000631900,0,1967760,786912,3145728
plot,178,0.008428600,0.007937200,0.000373000,0,1967760,786912,3145728
plot,179,0.012262100,0.011595100,0.000555000,0,1967760,786912,3145728
plot,180,0.009174200,0.008586200,0.000479000,0,1967760,786912,3145728
plot,181,0.011181400,0.010651200,0.000423000,0,1967760,786912,3145728
plot,182,0.012222400,0.011567900,0.000540400,0,1967760,786912,3145728
plot,183,0.011825600,0.011159000,0.000509200,0,1967760,786912,3145728
plot,184,0.014535600,0.013733500,0.000437700,0,1967760,786912,3145728
plot,185,0.011107300,0.010533800,0.000472700,0,1967760,786912,3145728
plot,186,0.011837800,0.011164100,0.000581000,0,1967760,786912,3145728
plot,187,0.013146800,0.011470900,0.001534200,0,1967760,786912,3145728
plot,188,0.010713100,0.010135100,0.000467000,0,1967760,786912,3145728
plot,189,0.013075200,0.012460200,0.000500200,0,1967760,786912,3145728
plot,190,0.009444200,0.008896100,0.000442600,0,1967760,786912,3145728
plot,191,0.013540300,0.012739600,0.000706400,0,1967760,786912,3145728
plot,192,0.013704300,0.013090600,0.000515700,0,1967760,786912,3145728
plot,193,0.007612700,0.007077800,0.000444300,0,1967760,786912,3145728
plot,194,0.012607000,0.012015400,0.000476900,0,1967760,786912,3145728
plot,195,0.009494600,0.008933800,0.000464900,0,1967760,786912,3145728
plot,196,0.012745100,0.009062100,0.003544700,0,1967760,786912,3145728
plot,197,0.011260400,0.010754600,0.000415200,0,1967760,786912,3145728
plot,198,0.011015300,0.009010300,0.000493400,0,1967760,786912,3145728
plot,199,0.010535100,0.010020900,0.000424700,0,1967760,786912,3145728
plot,200,0.008637900,0.007859800,0.000430400,0,1967760,786912,3145728
plot,201,0.013161800,0.012477800,0.000527100,0,1967760,786912,3145728
plot,202,0.008618300,0.008007800,0.000503400,0,1967760,786912,3145728
plot,203,0.011472000,0.010965100,0.000420800,0,1967760,786912,3145728
plot,204,0.008943000,0.008129000,0.000705800,0,1967760,786912,3145728
plot,205,0.018718700,0.016978300,0.001440500,0,1967760,786912,3145728
plot,206,0.030621900,0.029733400,0.000714700,0,1967760,786912,3145728
plot,207,0.023696700,0.022810600,0.000738400,0,1967760,786912,3145728
plot,208,0.017720100,0.016654700,0.000951000,0,1967760,786912,3145728
plot,209,0.017542200,0.016971700,0.000461400,0,1967760,786912,3145728
plot,210,0.019310700,0.018514700,0.000652800,0,1967760,786912,3145728
plot,211,0.012639800,0.011735900,0.000795800,0,1967760,786912,3145728
plot,212,0.014781800,0.014224000,0.000450800,0,1967760,786912,3145728
plot,213,0.015247500,0.014462500,0.000674400,0,1967760,786912,3145728
plot,214,0.018443700,0.017565200,0.000560600,0,1967760,786912,3145728
plot,215,0.015283600,0.014598500,0.000566200,0,1967760,786912,3145728
plot,216,0.016570500,0.016001400,0.000428600,0,1967760,786912,3145728
plot,217,0.016901800,0.015877500,0.000567700,0,1967760,786912,3145728
plot,218,0.009135800,0.008495200,0.000529800,0,1967760,786912,3145728
plot,219,0.014440100,0.013834900,0.000494700,0,1967760,786912,3145728
plot,220,0.013430600,0.012370300,0.000548400,0,1967760,786912,3145728
plot,221,0.008458600,0.007970300,0.000398800,0,1967760,786912,3145728
plot,222,0.012777200,0.011791800,0.000505900,0,1967760,786912,3145728
plot,223,0.009658100,0.009007900,0.000548800,0,1967760,786912,3145728
plot,224,0.011343800,0.009891800,0.000814000,0,1967760,786912,3145728
plot,225,0.009948700,0.009266300,0.000570600,0,1967760,786912,3145728
plot,226,0.008702600,0.008142300,0.000452500,0,1967760,786912,3145728
plot,227,0.011205700,0.010608200,0.000469600,0,1967760,786912,3145728
plot,228,0.008322400,0.007837900,0.000398900,0,1967760,786912,3145728
plot,229,0.013009300,0.012454900,0.000434900,0,1967760,786912,3145728
plot,230,0.009916400,0.009352900,0.000441400,0,1967760,786912,3145728
plot,231,0.015241300,0.014651000,0.000495600,0,1967760,786912,3145728
plot,232,0.011210700,0.010544400,0.000506400,0,1967760,786912,3145728
plot,233,0.009123100,0.008375500,0.000637000,0,1967760,786912,3145728
plot,234,0.013440400,0.012845700,0.000480300,0,1967760,786912,3145728
plot,235,0.008402800,0.007896600,0.000418200,0,1967760,786912,3145728
plot,236,0.014109400,0.013426000,0.000519200,0,1967760,786912,3145728
plot,237,0.008399700,0.007805900,0.000501400,0,1967760,786912,3145728
plot,238,0.013584700,0.013033900,0.000449300,0,1967760,786912,3145728
plot,239,0.009537400,0.009024500,0.000415200,0,1967760,786912,3145728
plot,240,0.013736600,0.013061500,0.000558000,0,1967760,786912,3145728
plot,241,0.014930800,0.014284300,0.000533600,0,1967760,786912,3145728
plot,242,0.010394200,0.009674100,0.000619200,0,1967760,786912,3145728
plot,243,0.014237100,0.013618000,0.000480800,0,1967760,786912,3145728
plot,244,0.008802900,0.007872700,0.000659100,0,1967760,786912,3145728
plot,245,0.012563500,0.011916700,0.000412100,0,1967760,786912,3145728
plot,246,0.009945500,0.009404900,0.000437000,0,1967760,786912,3145728
plot,247,0.012510100,0.011909700,0.000489500,0,1967760,786912,3145728
plot,248,0.013560300,0.012803100,0.000531500,0,1967760,786912,3145728
plot,249,0.009868400,0.009335500,0.000424500,0,1967760,786912,3145728
plot,250,0.011572600,0.009509500,0.001961500,0,1967760,786912,3145728
plot,251,0.010431600,0.009944500,0.000398500,0,1967760,786912,3145728
plot,252,0.015025900,0.014427100,0.000486000,0,1967760,786912,3145728
plot,253,0.010473000,0.009889900,0.000475700,0,1967760,786912,3145728
plot,254,0.012780500,0.012113500,0.000559200,0,1967760,786912,3145728
plot,255,0.010553200,0.010076300,0.000391200,0,1967760,786912,3145728
plot,256,0.012000400,0.011446400,0.000457500,0,1967760,786912,3145728
plot,257,0.010357300,0.009622500,0.000580600,0,1967760,786912,3145728
plot,258,0.013950200,0.012348300,0.001276300,0,1967760,786912,3145728
plot,259,0.013076100,0.011998400,0.000964400,0,1967760,786912,3145728
plot,260,0.012184100,0.011667700,0.000415400,0,1967760,786912,3145728
plot,261,0.014125300,0.013473400,0.000536400,0,1967760,786912,3145728
plot,262,0.009467900,0.008723300,0.000593400,0,1967760,786912,3145728
plot,263,0.013424000,0.012661700,0.000521600,0,1967760,786912,3145728
plot,264,0.010653300,0.009996200,0.000535100,0,1967760,786912,3145728
plot,265,0.015343700,0.014667000,0.000532600,0,1967760,786912,3145728
plot,266,0.008512700,0.008009200,0.000405900,0,1967760,786912,3145728
plot,267,0.013130500,0.012525100,0.000469400,0,1967760,786912,3145728
plot,268,0.012795400,0.012245100,0.000449500,0,1967760,786912,3145728
plot,269,0.009613300,0.009113800,0.000396100,0,1967760,786912,3145728
plot,270,0.012422900,0.011808800,0.000415600,0,1967760,786912,3145728
plot,271,0.013585900,0.013046300,0.000445500,0,1967760,786912,3145728
plot,272,0.010168800,0.009525800,0.000512300,0,1967760,786912,3145728
plot,273,0.010654900,0.010075700,0.000469600,0,1967760,786912,3145728
plot,274,0.009305300,0.008247800,0.000953500,0,1967760,786912,3145728
plot,275,0.008569300,0.007935300,0.000537200,0,1967760,786912,3145728
plot,276,0.013518600,0.012975400,0.000439200,0,1967760,786912,3145728
plot,277,0.013179200,0.009567900,0.003474600,0,1967760,786912,3145728
plot,278,0.008925200,0.008324500,0.000488200,0,1967760,786912,3145728
plot,279,0.012241300,0.011653300,0.000486800,0,1967760,786912,3145728
plot,280,0.011485500,0.010934300,0.000458000,0,1967760,786912,3145728
plot,281,0.013787600,0.013189900,0.000473700,0,1967760,786912,3145728
plot,282,0.013611700,0.012898600,0.000572400,0,1967760,786912,3145728
plot,283,0.008976100,0.008272300,0.000611400,0,1967760,786912,3145728
plot,284,0.012556700,0.011994200,0.000450400,0,1967760,786912,3145728
plot,285,0.010990900,0.010331600,0.000525400,0,1967760,786912,3145728
plot,286,0.014131700,0.013473700,0.000544300,0,1967760,786912,3145728
plot,287,0.010082900,0.009517200,0.000452000,0,1967760,786912,3145728
plot,288,0.012508400,0.011923600,0.000476900,0,1967760,786912,3145728
plot,289,0.013892800,0.013251800,0.000531900,0,1967760,786912,3145728
plot,290,0.011163800,0.010537400,0.000519000,0,1967760,786912,3145728
plot,291,0.013142300,0.012551000,0.000491800,0,1967760,786912,3145728
plot,292,0.012780200,0.012197600,0.000474200,0,1967760,786912,3145728
plot,293,0.010839300,0.010217900,0.000519300,0,1967760,786912,3145728
plot,294,0.016568700,0.015919100,0.000517400,0,1967760,786912,3145728
plot,295,0.011057500,0.010387600,0.000508400,0,1967760,786912,3145728
plot,296,0.012183700,0.011653600,0.000439300,0,1967760,786912,3145728
plot,297,0.012747500,0.012153600,0.000477800,0,1967760,786912,3145728
plot,298,0.014716100,0.014076300,0.000525200,0,1967760,786912,3145728
plot,299,0.014649400,0.014109400,0.000436400,0,1967760,786912,3145728
