bytes,repeat,calls,seconds,mib_per_second
56,0,299593,0.211125400,75.784
56,1,299593,0.214791200,74.491
56,2,299593,0.212542200,75.279
56,3,299593,0.217426900,73.588
56,4,299593,0.212200700,75.400
136,0,123361,0.207548300,77.090
136,1,123361,0.215647200,74.195
136,2,123361,0.209861700,76.240
136,3,123361,0.208661700,76.679
136,4,123361,0.214609500,74.553
8192,0,2048,0.208909500,76.588
8192,1,2048,0.204569900,78.213
8192,2,2048,0.203963300,78.445
8192,3,2048,0.210403800,76.044
8192,4,2048,0.205349900,77.916
1048576,0,16,0.206874700,77.342
1048576,1,16,0.206988300,77.299
1048576,2,16,0.207558500,77.087
1048576,3,16,0.204486500,78.245
1048576,4,16,0.201457800,79.421
