workload,repeat,units,seconds,units_per_second,scratch_bytes,compiler,configuration
write_16_channels,0,100000,1.734855200,57641.698,0,MSVC-19.38.33145.0,Release
read_validate_16_channels,0,100000,0.265924300,376046.867,0,MSVC-19.38.33145.0,Release
analysis_snapshot,0,100000,0.309525500,323075.159,13600000,MSVC-19.38.33145.0,Release
series_statistics,0,100000,0.009767300,10238243.938,13600000,MSVC-19.38.33145.0,Release
series_derivative,0,100000,0.020726800,4824671.441,14400000,MSVC-19.38.33145.0,Release
report_preview_8_curves,0,800000,0.223339300,3581993.854,14400000,MSVC-19.38.33145.0,Release
report_curve_copy,0,80000,0.125698500,636443.553,0,MSVC-19.38.33145.0,Release
write_16_channels,1,100000,1.744819800,57312.509,0,MSVC-19.38.33145.0,Release
read_validate_16_channels,1,100000,0.271463700,368373.377,0,MSVC-19.38.33145.0,Release
analysis_snapshot,1,100000,0.311171700,321365.985,13600000,MSVC-19.38.33145.0,Release
series_statistics,1,100000,0.011732100,8523623.222,13600000,MSVC-19.38.33145.0,Release
series_derivative,1,100000,0.017785200,5622652.541,14400000,MSVC-19.38.33145.0,Release
report_preview_8_curves,1,800000,0.229031300,3492972.358,14400000,MSVC-19.38.33145.0,Release
report_curve_copy,1,80000,0.120154800,665807.775,0,MSVC-19.38.33145.0,Release
write_16_channels,2,100000,1.748911200,57178.432,0,MSVC-19.38.33145.0,Release
read_validate_16_channels,2,100000,0.262082000,381559.970,0,MSVC-19.38.33145.0,Release
analysis_snapshot,2,100000,0.314900200,317560.929,13600000,MSVC-19.38.33145.0,Release
series_statistics,2,100000,0.012915000,7742934.573,13600000,MSVC-19.38.33145.0,Release
series_derivative,2,100000,0.021285800,4697967.659,14400000,MSVC-19.38.33145.0,Release
report_preview_8_curves,2,800000,0.235509900,3396884.802,14400000,MSVC-19.38.33145.0,Release
report_curve_copy,2,80000,0.118007600,677922.439,0,MSVC-19.38.33145.0,Release
write_16_channels,3,100000,1.775607100,56318.766,0,MSVC-19.38.33145.0,Release
read_validate_16_channels,3,100000,0.256610700,389695.363,0,MSVC-19.38.33145.0,Release
analysis_snapshot,3,100000,0.306822600,325921.233,13600000,MSVC-19.38.33145.0,Release
series_statistics,3,100000,0.012710400,7867573.012,13600000,MSVC-19.38.33145.0,Release
series_derivative,3,100000,0.022017300,4541882.974,14400000,MSVC-19.38.33145.0,Release
report_preview_8_curves,3,800000,0.262247600,3050552.226,14400000,MSVC-19.38.33145.0,Release
report_curve_copy,3,80000,0.119285100,670662.136,0,MSVC-19.38.33145.0,Release
write_16_channels,4,100000,1.829307500,54665.495,0,MSVC-19.38.33145.0,Release
read_validate_16_channels,4,100000,0.270245500,370033.914,0,MSVC-19.38.33145.0,Release
analysis_snapshot,4,100000,0.319660500,312831.895,13600000,MSVC-19.38.33145.0,Release
series_statistics,4,100000,0.014400800,6944058.660,13600000,MSVC-19.38.33145.0,Release
series_derivative,4,100000,0.021123300,4734108.780,14400000,MSVC-19.38.33145.0,Release
report_preview_8_curves,4,800000,0.229733100,3482301.854,14400000,MSVC-19.38.33145.0,Release
report_curve_copy,4,80000,0.123459200,647987.351,0,MSVC-19.38.33145.0,Release
